WBE_NR,Area_m2,Area_ha,Area_km2,Area_hab_m2_bebouwd,Area_hab_m2_bos,Area_hab_m2_grasland,Area_hab_m2_landbouw,Area_hab_m2_water,Area_hab_m2_andere,Area_hab_ha_bebouwd,Area_hab_ha_bos,Area_hab_ha_grasland,Area_hab_ha_landbouw,Area_hab_ha_water,Area_hab_ha_andere,Area_hab_km2_bebouwd,Area_hab_km2_bos,Area_hab_km2_grasland,Area_hab_km2_landbouw,Area_hab_km2_water,Area_hab_km2_andere,perc_bos,perc_water,perc_landbouw,perc_grasland,perc_bebouwd,perc_andere
523,102889659.54341497,10288.965954341496,102.88965954341496,39348769.70553613,15999254.974810675,4544348.478949326,42997289.90376596,0,0,3934.8769705536124,1599.9254974810676,454.4348478949326,4299.728990376597,0,0,39.34876970553612,15.999254974810674,4.544348478949326,42.99728990376596,0,0,0.1554991536157206,0,0.4178970957292649,0.04416720299314246,0.3824365818698492,0
115,98000737.12172212,9800.073712172212,98.00073712172211,26617563.653699983,5932.485955748423,3886898.749685051,67490343.14613374,0,0,2661.756365369998,0.5932485955748423,388.6898749685051,6749.034314613374,0,0,26.61756365369998,0.0059324859557484235,3.8868987496850504,67.49034314613372,0,0,6.0535115653058415e-5,0,0.688671790930584,0.03966193381644993,0.271605749461247,0
433,32622826.4138259,3262.28264138259,32.6228264138259,4417758.524317007,1139656.785739888,0,27065411.120787166,0,0,441.77585243170074,113.96567857398881,0,2706.5411120787167,0,0,4.417758524317007,1.139656785739888,0,27.065411120787164,0,0,0.03493433620015491,0,0.8296464192727506,0,0.13541924504875869,0
106,105653882.32681453,10565.388232681455,105.65388232681453,10489561.833099864,911760.9642206948,17092336.494480826,75757926.60172564,1402305.0691523717,0,1048.9561833099865,91.17609642206949,1709.2336494480828,7575.792660172564,140.23050691523719,0,10.489561833099863,0.9117609642206947,17.092336494480826,75.75792660172563,1.4023050691523717,0,0.008629696743186251,0.013272631712809973,0.7170387394510214,0.16177670065743396,0.09928231317286536,0
113,112605723.41372906,11260.572341372907,112.60572341372905,12678978.61345804,14158.435289104296,3570361.450682847,96342223.27384765,0,1.6404514163732529,1267.897861345804,1.4158435289104296,357.0361450682847,9634.222327384765,0,1.640451416373253e-4,12.678978613458039,0.014158435289104297,3.5703614506828467,96.34222327384765,0,1.6404514163732529e-6,1.2573459731779566e-4,0,0.8555712831742394,0.031706749376893065,0.11259621828345005,1.4568099796721758e-8
120,17691359.050340045,1769.1359050340045,17.691359050340044,1689445.2731463998,774980.7137319448,1587236.1884159057,13639698.673671607,0,0,168.94452731463997,77.49807137319448,158.7236188415906,1363.969867367161,0,0,1.6894452731463998,0.7749807137319448,1.5872361884159056,13.639698673671608,0,0,0.043805606540841126,0,0.7709808293902349,0.0897181603685443,0.09549550536728986,0
121,223064943.52654183,22306.494352654183,223.0649435265418,54590300.70481152,361493.4338257658,22324354.07694422,145788782.57741663,0,12.733543701469898,5459.0300704811525,36.14934338257658,2232.435407694422,14578.878257741664,0,0.0012733543701469899,54.59030070481152,0.36149343382576576,22.324354076944218,145.78878257741664,0,1.2733543701469898e-5,0.0016205748339956107,0,0.6535710195989163,0.10008006513263665,0.24472828334998317,5.7084468317428694e-8
421,74854932.38502395,7485.493238502396,74.85493238502394,21777483.63546493,4520466.820429409,8861122.996445362,39391676.31173244,304180.232439905,2.388511899858713,2177.7483635464932,452.0466820429409,886.1122996445363,3939.1676311732444,30.4180232439905,2.3885118998587132e-4,21.77748363546493,4.520466820429409,8.861122996445362,39.39167631173244,0.304180232439905,2.388511899858713e-6,0.06038969880004605,0.004063596382337547,0.5262402230105205,0.11837727607403711,0.2909291738245147,3.1908543949691376e-8
439,50605847.821625076,5060.5847821625075,50.605847821625076,6650537.471863375,8800895.292158859,10618014.45374243,24514307.901432347,22087.679684023828,5.02274404745549,665.0537471863374,880.0895292158859,1061.801445374243,2451.430790143235,2.2087679684023827,5.02274404745549e-4,6.650537471863374,8.800895292158858,10.61801445374243,24.514307901432346,0.022087679684023826,5.022744047455489e-6,0.1739106382167562,4.3646496669472336e-4,0.48441650435025024,0.20981793430610407,0.13141835890794903,9.925224581079249e-8
128,88660903.76912165,8866.090376912165,88.66090376912165,14847049.291634168,1338173.1328250214,9178951.479793845,62202705.71492282,546788.3550425177,547235.7949032765,1484.704929163417,133.81731328250217,917.8951479793845,6220.270571492283,54.67883550425178,54.72357949032765,14.847049291634168,1.3381731328250215,9.178951479793845,62.20270571492282,0.5467883550425177,0.5472357949032765,0.015093159170920535,0.006167186795956734,0.7015798742239582,0.10352873802974522,0.16745880834123666,0.006172233438182759
401,49364362.01566088,4936.436201566088,49.36436201566088,17218441.64124591,12489190.212874504,5911859.074789121,12480327.42753028,1264546.5651250398,0,1721.844164124591,1248.9190212874505,591.1859074789121,1248.032742753028,126.45465651250397,0,17.21844164124591,12.489190212874503,5.91185907478912,12.480327427530279,1.2645465651250396,0,0.25300013416383865,0.02561658884042422,0.25282059603182727,0.11975965723842595,0.3488030825919181,0
422,27352966.240289513,2735.2966240289516,27.35296624028951,3780916.0353092835,655921.9447653986,11670.086604196464,22904457.70903732,0,0.464573313947767,378.09160353092835,65.59219447653987,1.1670086604196463,2290.445770903732,0,4.6457331394776705e-5,3.780916035309283,0.6559219447653987,0.011670086604196463,22.904457709037317,0,4.64573313947767e-7,0.023979920093611613,0,0.8373665037943939,4.266479365227683e-4,0.13822691119108643,1.6984385161981974e-8
425,23716812.47925287,2371.681247925287,23.71681247925287,6493111.062995484,2849744.6134397443,0,14373957.186158601,0,0,649.3111062995484,284.97446134397444,0,1437.3957186158602,0,0,6.493111062995484,2.849744613439744,0,14.3739571861586,0,0,0.12015715079472253,0,0.6060661481694782,0,0.2737767171990572,0
405,47336069.0781149,4733.60690781149,47.336069078114896,8753869.119794616,1609512.4707651427,1431530.3278253528,35541156.43553018,0,0.7241996061056852,875.3869119794616,160.9512470765143,143.1530327825353,3554.1156435530183,0,7.241996061056853e-5,8.753869119794615,1.6095124707651427,1.4315303278253526,35.54115643553018,0,7.241996061056852e-7,0.034001819376025796,0,0.750826106343547,0.030241850574094224,0.18493020840722563,1.5299107429275485e-8
532,63258184.02836659,6325.8184028366595,63.258184028366585,15690892.068752259,5317534.578312225,2420403.040782327,39829354.853548564,0,0,1569.089206875226,531.7534578312225,242.0403040782327,3982.9354853548566,0,0,15.690892068752259,5.317534578312224,2.4204030407823267,39.829354853548566,0,0,0.08406081616139512,0,0.6296316510712363,0.0382622909266089,0.24804524995083738,0
531,50853544.77164111,5085.354477164112,50.85354477164111,8245734.021588958,768578.4127593427,6881975.480594269,34957254.10015749,0,2.7565410528331995,824.5734021588958,76.85784127593428,688.1975480594269,3495.725410015749,0,2.7565410528331995e-4,8.245734021588957,0.7685784127593427,6.881975480594268,34.957254100157485,0,2.7565410528331992e-6,0.015113566147859699,0,0.6874103714329799,0.13532931699251097,0.16214669122116454,5.420548489218409e-8
503,46752188.66639669,4675.21886663967,46.75218866639669,15224375.67285354,4811746.282056203,1080957.5663655244,25635109.331865087,0,0,1522.4375672853541,481.1746282056203,108.09575663655245,2563.5109331865087,0,0,15.22437567285354,4.811746282056203,1.0809575663655244,25.635109331865085,0,0,0.1029202358073701,0,0.5483189143247622,0.023121004539033842,0.3256398493231637,0
109,134361004.66177225,13436.100466177226,134.36100466177226,9860042.490629768,1757991.3245568355,6134274.245560778,116608693.49503982,0,3.105985041707754,986.0042490629768,175.79913245568355,613.4274245560778,11660.869349503982,0,3.105985041707754e-4,9.860042490629768,1.7579913245568355,6.1342742455607775,116.60869349503982,0,3.105985041707754e-6,0.01308408886181104,0,0.8678760164720379,0.04565516803779953,0.0733847035116365,2.3116714924292718e-8
101,265400693.23950005,26540.069323950007,265.4006932395,17070820.11353522,2309300.263336595,27836470.819332026,218169370.6968407,14730.659946500018,0.6865089945495129,1707.0820113535224,230.9300263336595,2783.6470819332026,21816.937069684074,1.473065994650002,6.865089945495129e-5,17.070820113535223,2.309300263336595,27.836470819332025,218.1693706968407,0.014730659946500017,6.865089945495129e-7,0.008701183991454992,5.55034720018871e-5,0.8220376820943819,0.1048846952114482,0.06432093264402423,2.5866887767697003e-9
522,47163384.54117164,4716.3384541171645,47.16338454117164,9314451.054097453,944899.352176347,1373579.385924989,35530461.85620843,0,0,931.4451054097453,94.48993521763471,137.3579385924989,3553.046185620843,0,0,9.314451054097454,0.944899352176347,1.3735793859249887,35.530461856208426,0,0,0.0200345959342992,0,0.7533484333634249,0.029123851040120163,0.19749327035608166,0
528,13787843.373334393,1378.7843373334395,13.787843373334391,1779581.8008806605,0,1115539.4314059904,10892721.883663448,0,0.2573842944111675,177.9581800880661,0,111.55394314059905,1089.2721883663448,0,2.573842944111675e-5,1.7795818008806605,0,1.1155394314059903,10.892721883663448,0,2.573842944111675e-7,0,0,0.7900236163641013,0.08090746327764624,0.12906890169077212,1.8667480289843384e-8
403,22360142.431274064,2236.0142431274066,22.360142431274063,7406556.975658404,8533086.236780249,0,6420498.473946403,0,0.7448890088126063,740.6556975658405,853.3086236780248,0,642.0498473946403,0,7.448890088126063e-5,7.406556975658404,8.533086236780248,0,6.420498473946402,0,7.448890088126063e-7,0.3816203882872154,0,0.2871403209384909,0,0.331239257461044,3.331324973005385e-8
446,19470313.799506184,1947.0313799506184,19.470313799506183,4916330.236290969,3950881.850933514,2699888.6353804898,7903200.6646964075,0,12.412204802967608,491.63302362909695,395.08818509335146,269.988863538049,790.3200664696408,0,0.0012412204802967608,4.916330236290968,3.9508818509335137,2.6998886353804896,7.903200664696407,0,1.2412204802967607e-5,0.20291824218229695,0,0.40591028712114813,0.1386669297260615,0.2525039034766692,6.374938242280621e-7
539,18341163.727125313,1834.1163727125313,18.341163727125313,3763233.576184629,1924661.1923392436,45161.24242505517,12608108.000950852,0,0,376.3233576184629,192.46611923392436,4.5161242425055175,1260.8108000950854,0,0,3.763233576184629,1.9246611923392436,0.04516124242505517,12.608108000950851,0,0,0.10493669981762405,0,0.6874213756842665,0.0024622888218518444,0.20517965120277873,0
108,86880304.15106754,8688.030415106754,86.88030415106753,34430408.11014242,300667.44210204907,3577149.6321158246,48572076.14125637,0,2.8254508823156357,3443.0408110142416,30.066744210204906,357.71496321158247,4857.2076141256375,0,2.825450882315636e-4,34.430408110142416,0.30066744210204904,3.5771496321158245,48.57207614125637,0,2.8254508823156356e-6,0.003460708903357984,0,0.559068900781001,0.04117330926806925,0.39629704852638176,3.2521190043289205e-8
114,101743115.13064598,10174.311513064598,101.74311513064598,6643937.123131262,810661.7896689991,11722753.117614603,82561586.38277029,4180.122719182687,0,664.3937123131262,81.06617896689991,1172.2753117614602,8256.15863827703,0.4180122719182688,0,6.643937123131262,0.8106617896689992,11.722753117614602,82.56158638277027,0.004180122719182687,0,0.007967731169112004,4.108506716955824e-5,0.8114709902164374,0.11521912910334706,0.06530109791311124,0
542,15375188.940056203,1537.5188940056203,15.375188940056201,4621374.218127975,1682860.9167592328,269395.71043216763,8801558.440335397,0,0,462.1374218127975,168.28609167592327,26.939571043216766,880.1558440335398,0,0,4.621374218127975,1.6828609167592328,0.26939571043216765,8.801558440335397,0,0,0.10945302352512627,0,0.5724520508105849,0.017521456905828625,0.3005734912361397,0
246,40320259.78137012,4032.025978137012,40.32025978137012,1945636.0495419416,625647.785687846,6660365.549902096,31088608.67452789,0,1.721710340352729,194.56360495419418,62.564778568784604,666.0365549902097,3108.8608674527895,0,1.721710340352729e-4,1.9456360495419416,0.625647785687846,6.660365549902096,31.08860867452789,0,1.7217103403527289e-6,0.01551695820117025,0,0.7710418743108474,0.16518657335088657,0.04825455143622161,4.2700874192984274e-8
250,24614073.931979638,2461.4073931979638,24.614073931979636,4424488.421540019,324193.5479811843,606958.3380987812,19258432.78778378,0,0.8365758741274476,442.4488421540019,32.419354798118434,60.695833809878124,1925.8432787783781,0,8.365758741274476e-5,4.424488421540019,0.32419354798118427,0.6069583380987812,19.25843278778378,0,8.365758741274475e-7,0.013171064199981071,0,0.7824154929006862,0.024658995490795022,0.17975441342083312,3.398770461319421e-8
215,47822020.22488039,4782.202022488039,47.82202022488039,14641210.546649428,0,5865633.67175439,25659375.400961455,1655803.494977769,0,1464.121054664943,0,586.563367175439,2565.9375400961458,165.58034949777692,0,14.641210546649427,0,5.86563367175439,25.659375400961455,1.6558034949777691,0,0,0.03462428996498779,0.5365598375037205,0.12265549728287459,0.30616043566959217,0
249,18310999.91656906,1831.0999916569062,18.31099991656906,3558029.7604295136,753426.3697990207,1816665.5622829814,12182878.203033231,0,0.021024313755333424,355.8029760429514,75.34263697990207,181.66655622829816,1218.2878203033233,0,2.1024313755333423e-6,3.5580297604295135,0.7534263697990207,1.8166655622829813,12.182878203033232,0,2.1024313755333422e-8,0.041146107434431714,0,0.6653311265655852,0.0992117072011527,0.19431105765065085,1.1481794468421775e-9
252,38396102.75050342,3839.6102750503424,38.39610275050342,16710685.399370244,464627.35488553287,1228073.5821768353,19992715.965281878,0,0.4487889315932989,1671.0685399370245,46.462735488553285,122.80735821768353,1999.271596528188,0,4.4878893159329895e-5,16.710685399370245,0.46462735488553286,1.2280735821768352,19.992715965281878,0,4.487889315932989e-7,0.012100898830922132,0,0.520696490870281,0.03198432898663742,0.43521826962376137,1.1688398025953681e-8
239,110333927.62060542,11033.392762060543,110.33392762060542,16682934.692918597,2581317.9348305953,10283598.9312667,80487394.52490915,298681.2189424546,0.3177379332482815,1668.2934692918598,258.13179348305954,1028.3598931266702,8048.739452490917,29.868121894245462,3.177379332482815e-5,16.682934692918597,2.5813179348305955,10.2835989312667,80.48739452490916,0.2986812189424546,3.1773793324828145e-007,0.023395504814318974,0.002707065953180791,0.7294890724970233,0.09320432212499419,0.15120403173069835,2.8797844878762594e-9
251,33642221.79510239,3364.222179510239,33.64222179510239,11347349.224450972,301807.0803433936,2898150.020023093,18805167.345160205,289747.96888379083,0.15624093264341354,1134.7349224450973,30.18070803433936,289.8150020023093,1880.5167345160207,28.974796888379085,1.5624093264341354e-5,11.347349224450971,0.3018070803433936,2.898150020023093,18.805167345160203,0.2897479688837908,1.5624093264341353e-7,0.008971080512504394,0.008612628816506172,0.5589751907496743,0.08614621345980793,0.3372948818173154,4.6441918609001916e-9
221,38033517.41247817,3803.3517412478172,38.03351741247817,3344600.9705849574,461347.68253271806,5420814.287410114,28806754.29389576,0,0.17805462097749114,334.46009705849576,46.1347682532718,542.0814287410115,2880.675429389576,0,1.7805462097749113e-5,3.3446009705849575,0.461347682532718,5.420814287410114,28.806754293895757,0,1.7805462097749112e-7,0.01213002935093659,0,0.757404422564523,0.14252729319302015,0.08793825021000158,4.681518646999353e-9
202,58575811.43081176,5857.581143081176,58.57581143081176,7685403.055367773,588721.0367515151,5619933.311970509,44681754.40647064,0,0,768.5403055367773,58.872103675151514,561.9933311970509,4468.1754406470645,0,0,7.685403055367773,0.5887210367515151,5.619933311970509,44.68175440647064,0,0,0.010050582695672893,0,0.7628021416186027,0.09594290159528783,0.13120438057346542,0
209,47070972.109467134,4707.097210946714,47.070972109467135,5170707.2027835725,27317.738396798246,6264708.006257717,35560550.56317331,47688.880271244234,0,517.0707202783573,2.7317738396798243,626.4708006257716,3556.055056317331,4.768888027124424,0,5.170707202783572,0.02731773839679824,6.264708006257716,35.56055056317331,0.04768888027124423,0,5.803521187807373e-4,0.0010131271595653496,0.7554666702118354,0.13309068679713393,0.10984916969122072,0
238,80994115.12579021,8099.411512579021,80.9941151257902,26070754.33298329,1786476.7083860482,13350312.791328508,39764572.59017035,21998.5771638207,0.12575819343328476,2607.075433298329,178.64767083860482,1335.0312791328508,3976.4572590170355,2.1998577163820703,1.2575819343328477e-5,26.070754332983284,1.786476708386048,13.350312791328507,39.76457259017035,0.0219985771638207,1.2575819343328474e-7,0.022056870497461575,2.7160710540087e-4,0.4909563185968864,0.16483065183926543,0.32188455040830266,1.5526830960245991e-9
203,28256062.49873129,2825.606249873129,28.25606249873129,3803945.4738100166,2674340.9643834922,4278699.937017121,17499075.490430832,0,0.6330898250453174,380.3945473810017,267.43409643834923,427.8699937017122,1749.9075490430832,0,6.330898250453175e-5,3.8039454738100167,2.6743409643834917,4.278699937017121,17.49907549043083,0,6.330898250453174e-7,0.09464662546324604,0,0.6193033969689354,0.15142590858897048,0.13462404657339697,2.240545104519582e-8
216,21999466.984439213,2199.9466984439214,21.999466984439213,2051744.6460087993,618194.826337653,1595620.2346537192,17733906.50713133,0,0.7703077094629407,205.17446460087993,61.8194826337653,159.56202346537194,1773.390650713133,0,7.703077094629407e-5,2.051744646008799,0.618194826337653,1.5956202346537194,17.73390650713133,0,7.703077094629406e-7,0.028100445650565898,0,0.8061061897397322,0.07252994973843423,0.09326337985643247,3.5014835132496576e-8
253,13840140.937220078,1384.0140937220078,13.840140937220077,4128019.5864566807,199395.75056520273,3727740.5606194423,5784985.406295511,0,0,412.8019586456681,19.939575056520273,372.77405606194424,578.4985406295511,0,0,4.128019586456681,0.1993957505652027,3.727740560619442,5.784985406295511,0,0,0.014407060698996988,0,0.417986018533817,0.26934267342570817,0.2982642738380836,0
217,56450287.53620012,5645.028753620012,56.45028753620012,13713491.400831835,3979314.2926463652,4991842.756548927,33272949.913049564,492686.8544022418,2.3187211882323027,1371.3491400831838,397.9314292646365,499.1842756548927,3327.2949913049565,49.26868544022419,2.3187211882323027e-4,13.713491400831836,3.979314292646365,4.991842756548927,33.272949913049565,0.4926868544022418,2.3187211882323027e-6,0.07049236534170943,0.00872780061724742,0.5894203796873927,0.08842900496029868,0.24293040831789786,4.107545398675545e-8
232,70601073.8959593,7060.107389595931,70.6010738959593,22908298.705260918,1032097.1916598985,5211603.105353091,41449064.55077803,0,10.34290736541152,2290.829870526092,103.20971916598987,521.1603105353091,4144.906455077804,0,0.001034290736541152,22.90829870526092,1.0320971916598984,5.21160310535309,41.44906455077803,0,1.0342907365411519e-5,0.014618718026596027,0,0.5870883014025977,0.073817618029906,0.3244752160430243,1.4649787594808063e-7
235,40427964.7936352,4042.7964793635197,40.4279647936352,7563329.652890263,735364.0547873063,3870638.14151764,28247369.921439603,11262.215509955984,0.8074904242530465,756.3329652890263,73.53640547873063,387.063814151764,2824.7369921439604,1.1262215509955984,8.074904242530465e-5,7.563329652890262,0.7353640547873063,3.87063814151764,28.2473699214396,0.011262215509955983,8.074904242530464e-7,0.01818948983806078,2.7857488170488013e-4,0.6987086801333801,0.09574160265735208,0.18708163251594107,1.9973561082653716e-8
240,274749493.72053164,27474.949372053165,274.74949372053163,62252179.2844046,6539576.699829489,15878148.688608969,190079589.1557586,0,0,6225.21792844046,653.957669982949,1587.814868860897,19007.95891557586,0,0,62.2521792844046,6.539576699829489,15.878148688608968,190.07958915575855,0,0,0.023801960874517147,0,0.691828714884195,0.057791366504790824,0.22657795812983725,0
210,89797955.94451033,8979.795594451032,89.79795594451032,24749918.404742386,1822973.2787145441,3560255.696219344,59664809.51915551,0,0,2474.9918404742384,182.29732787145443,356.02556962193444,5966.4809519155515,0,0,24.749918404742385,1.822973278714544,3.560255696219344,59.66480951915551,0,0,0.020300832680880072,0,0.6644339382961538,0.03964740242438665,0.27561783722600913,0
229,73545021.18106632,7354.502118106632,73.54502118106632,17832554.41815262,2503337.561651534,7399900.846791122,44695317.23812294,1113917.8537584853,0,1783.255441815262,250.33375616515343,739.9900846791123,4469.531723812294,111.39178537584854,0,17.83255441815262,2.5033375616515343,7.399900846791122,44.69531723812294,1.1139178537584853,0,0.034038164942374126,0.015146067481795165,0.6077273011871734,0.10061729166645719,0.2424712663315337,0
204,45929955.49820402,4592.995549820403,45.92995549820402,839863.0895014381,0,484593.0807820738,43930556.41837906,674945.7019180809,0,83.98630895014381,0,48.459308078207386,4393.0556418379065,67.4945701918081,0,0.8398630895014381,0,0.4845930807820738,43.93055641837906,0.6749457019180809,0,0,0.014695108989262422,0.9564685169376412,0.010550697807687243,0.01828573706182404,0
245,57537908.57049975,5753.790857049975,57.537908570499745,11711633.33706261,102112.01440551579,3770795.4422503803,41697228.63840386,256140.3293872227,0,1171.163333706261,10.21120144055158,377.07954422503803,4169.722863840387,25.61403293872227,0,11.711633337062612,0.10211201440551579,3.77079544225038,41.69722863840386,0.2561403293872227,0,0.001774691102656269,0.004451679523133525,0.7246914195241091,0.06553584473148029,0.20354638581818874,0
220,33666732.52434047,3366.6732524340473,33.666732524340475,5571421.919268525,1388042.3492994905,1186767.1011145012,25509601.46895596,10899.018164694819,0.6675373017787933,557.1421919268525,138.80423492994905,118.67671011145012,2550.960146895596,1.0899018164694818,6.675373017787933e-5,5.571421919268525,1.3880423492994904,1.1867671011145013,25.509601468955957,0.010899018164694818,6.675373017787933e-7,0.04122890002158539,3.237325795372335e-4,0.7577094525140791,0.03525043899809668,0.16548745605889975,1.9827801860372856e-8
228,59152167.364638254,5915.216736463825,59.15216736463825,6802350.286473682,5475176.721527724,5958113.554364844,40627279.07306167,289247.5766430357,0.15256730001419783,680.2350286473683,547.5176721527723,595.8113554364845,4062.7279073061673,28.92475766430357,1.5256730001419783e-5,6.802350286473682,5.475176721527723,5.958113554364845,40.627279073061665,0.2892475766430357,1.5256730001419783e-7,0.0925608809526198,0.004889889745881919,0.6868265506252448,0.10072519435571287,0.1149974817413063,2.5792343173786065e-9
206,51786290.1276046,5178.62901276046,51.786290127604595,12017136.175299792,1246909.6247742302,7605086.827088392,30917157.445996363,0,0.054445816203951836,1201.7136175299793,124.69096247742301,760.5086827088393,3091.7157445996368,0,5.444581620395184e-6,12.017136175299791,1.24690962477423,7.6050868270883925,30.917157445996363,0,5.444581620395183e-8,0.024077987083101885,0,0.5970143327474239,0.14685521608806099,0.2320524630300574,1.051355794550913e-9
248,29298033.443791747,2929.8033443791746,29.298033443791745,9060725.548847208,240342.1070003019,2804894.391836682,17192071.71928024,0,0,906.0725548847208,24.034210700030194,280.4894391836682,1719.2071719280239,0,0,9.060725548847207,0.2403421070003019,2.8048943918366818,17.192071719280236,0,0,0.008203352879004594,0,0.5867995117236525,0.09573660966760345,0.3092605367602642,0
241,41976498.20173046,4197.6498201730465,41.97649820173046,15911321.057451079,2885491.9144953885,1078824.155990766,21603704.11225862,497155.37294227834,1.5885923318564892,1591.132105745108,288.54919144953885,107.8824155990766,2160.3704112258624,49.715537294227836,1.5885923318564892e-4,15.91132105745108,2.8854919144953883,1.0788241559907659,21.603704112258622,0.4971553729422783,1.5885923318564892e-6,0.06874065341583056,0.011843660005964561,0.5146618950546004,0.025700670665908285,0.37905308301289276,3.7844803638027156e-8
243,58256361.84427913,5825.636184427914,58.25636184427913,6421535.547617352,902128.3574622294,6000551.7710638875,43915752.35473047,1016394.7250294925,0,642.1535547617352,90.21283574622295,600.0551771063888,4391.5752354730475,101.63947250294926,0,6.421535547617351,0.9021283574622295,6.000551771063888,43.91575235473047,1.0163947250294925,0,0.015485490835724406,0.017446930993499796,0.753836164230758,0.10300251476574401,0.11022891482276724,0
242,273204233.25330687,27320.42332533069,273.2042332533069,84891222.35045923,14551903.93101502,10561968.674875956,150790617.66220626,12408524.840539383,0,8489.122235045925,1455.190393101502,1056.1968674875957,15079.061766220628,1240.8524840539383,0,84.89122235045923,14.551903931015019,10.561968674875956,150.79061766220624,12.408524840539382,0,0.053263830350399166,0.04541849404300616,0.5519336793086865,0.03865960841493701,0.310724403277275,0
231,35125516.47536077,3512.5516475360773,35.12551647536077,7901335.392742812,3469878.6258898275,1164200.8563206852,21501872.09542333,1088230.1702002399,0,790.1335392742812,346.98786258898275,116.42008563206853,2150.187209542333,108.823017020024,0,7.901335392742811,3.469878625889827,1.1642008563206852,21.50187209542333,1.0882301702002397,0,0.09878512756741432,0.030981186311198936,0.6121439412999402,0.03314402101780705,0.2249457427418982,0
236,17172918.54909906,1717.2918549099063,17.172918549099062,6076423.694470661,528982.3642797673,447473.8194896544,9919913.521413088,200125.2050813391,0,607.6423694470661,52.89823642797673,44.74738194896544,991.9913521413088,20.01252050813391,0,6.076423694470661,0.5289823642797673,0.44747381948965437,9.919913521413086,0.2001252050813391,0,0.03080328848980182,0.011653534867073496,0.5776486677585455,0.02605694647711062,0.35383756564718855,0
207,48513646.052418664,4851.364605241866,48.513646052418665,16970487.1804697,0,6148463.787954017,25392969.650838353,1725.2013171726012,0.23183941841125488,1697.04871804697,0,614.8463787954016,2539.2969650838354,0.17252013171726013,2.318394184112549e-5,16.9704871804697,0,6.148463787954016,25.392969650838353,0.0017252013171726011,2.3183941841125487e-7,0,3.556115562430688e-5,0.5234191143539577,0.1267367903313357,0.3498085293802326,4.778849607814551e-9
230,31637972.614964034,3163.7972614964037,31.63797261496403,7927297.399091474,705401.1936015552,1893506.4770416024,21079107.886512898,32658.692659093405,0.9660574095323682,792.7297399091474,70.54011936015553,189.35064770416025,2107.9107886512897,3.2658692659093407,9.660574095323682e-5,7.927297399091473,0.7054011936015552,1.8935064770416024,21.079107886512897,0.0326586926590934,9.660574095323682e-7,0.022296030222490194,0.001032262498503036,0.6662597551065255,0.05984917238805679,0.2505627492496799,3.0534744475865856e-8
525,90011523.2056496,9001.152320564961,90.0115232056496,30667792.46903843,1935286.6243958324,2725769.8936756547,54113419.69364169,569251.7812385679,2.743659418076277,3066.7792469038427,193.52866243958323,272.5769893675655,5411.341969364169,56.925178123856796,2.743659418076277e-4,30.667792469038428,1.9352866243958322,2.7257698936756545,54.11341969364169,0.5692517812385679,2.7436594180762766e-6,0.021500431894417308,0.006324210067393223,0.6011832459496169,0.030282454919111634,0.34070962668825894,3.048120196575087e-8
126,17021509.326032836,1702.1509326032838,17.021509326032835,297357.54392729263,0,3587511.136449726,13087646.83528106,48991.01989823531,2.790476522583049,29.735754392729266,0,358.75111364497263,1308.764683528106,4.8991019898235315,2.790476522583049e-4,0.29735754392729263,0,3.587511136449726,13.087646835281058,0.04899101989823531,2.7904765225830487e-6,0,0.002878183065899335,0.7688887386305223,0.21076339751862996,0.017469516846694174,1.639382541896723e-7
529,33088183.075868007,3308.818307586801,33.088183075868,8774083.360465426,0,0,24314099.927575935,0,0,877.4083360465426,0,0,2431.4099927575935,0,0,8.774083360465426,0,0,24.314099927575935,0,0,0,0,0.7348272908133412,0,0.26517271559901917,0
419,78239982.5508873,7823.998255088731,78.2399825508873,10732894.70180502,2895668.572048866,0,64611419.21815701,0,0.05887640081346035,1073.289470180502,289.5668572048866,0,6461.141921815701,0,5.887640081346035e-6,10.73289470180502,2.895668572048866,0,64.61141921815701,0,5.8876400813460345e-8,0.03701008714010797,0,0.8258107570018146,0,0.13717915510556694,7.525104031710018e-10
102,209136528.78520054,20913.652878520053,209.13652878520054,21627515.44780351,5165303.376924286,25507802.538910516,156170617.72279632,665284.0417296381,5.6570362858474255,2162.7515447803507,516.5303376924286,2550.7802538910514,15617.061772279632,66.52840417296382,5.657036285847426e-4,21.627515447803507,5.165303376924285,25.507802538910514,156.17061772279632,0.6652840417296382,5.6570362858474256e-6,0.024698236156675688,0.0031810991871866466,0.74674002973051,0.12196722728007507,0.10341338059606338,2.7049489243735325e-8
512,23351280.09343499,2335.128009343499,23.351280093434987,3715231.4702672535,0,2938894.4614268057,16697154.201281669,0,0,371.5231470267254,0,293.8894461426806,1669.715420128167,0,0,3.7152314702672533,0,2.9388944614268055,16.69715420128167,0,0,0,0,0.715042350332474,0.12585581816788924,0.15910183319293741,0
540,49707166.66440495,4970.716666440495,49.70716666440495,14984360.172540898,3076963.423658371,2633725.4426759514,28943419.086107314,68699.74703987938,0,1498.4360172540896,307.6963423658371,263.3725442675951,2894.3419086107315,6.869974703987939,0,14.984360172540896,3.0769634236583707,2.633725442675951,28.943419086107312,0.06869974703987937,0,0.061901806724014484,0.0013820893776485337,0.58227859337703,0.05298482330440187,0.30145271151153985,0
508,32269147.522661768,3226.914752266177,32.26914752266177,6043776.644962347,0,0,26225370.9297282,0,0,604.3776644962347,0,0,2622.53709297282,0,0,6.043776644962347,0,0,26.225370929728197,0,0,0,0,0.8127072743806082,0,0.18729272723173002,0
510,29392262.441400807,2939.226244140081,29.392262441400806,9451336.698750062,0,1345866.2119931877,18595059.783498555,0,0,945.1336698750061,0,134.58662119931876,1859.5059783498557,0,0,9.45133669875006,0,1.3458662119931875,18.595059783498556,0,0,0,0,0.6326515293122271,0.04578981337950536,0.3215586659105654,0
537,17343405.102679897,1734.3405102679899,17.343405102679895,2790817.95695669,0,0,14552587.1380534,0,0.007669806480407715,279.08179569566903,0,0,1455.2587138053402,0,7.669806480407715e-7,2.7908179569566904,0,0,14.5525871380534,0,7.669806480407714e-9,0,0,0.8390847732550939,0,0.1609152263026742,4.42231870558255e-10
526,181005830.93705606,18100.58309370561,181.00583093705606,60062537.628986716,2834339.6094927946,3584074.772505958,114524878.61893873,0,0.3071318492293358,6006.253762898671,283.4339609492794,358.40747725059583,11452.487861893875,0,3.071318492293358e-5,60.06253762898671,2.8343396094927944,3.584074772505958,114.52487861893873,0,3.0713184922933577e-7,0.015658830407946488,0,0.6327137530655806,0.019800880192375147,0.3318265346372912,1.6968063826415596e-9
116,129319069.00258309,12931.90690025831,129.3190690025831,23402916.149226326,0,9745429.49873016,96170730.41302228,0,0,2340.291614922633,0,974.5429498730161,9617.073041302228,0,0,23.402916149226325,0,9.74542949873016,96.17073041302228,0,0,0,0,0.7436701420352888,0.07535957050955494,0.18097034203640042,0
122,157282934.33488193,15728.293433488194,157.28293433488193,17299075.78482351,348330.3809470049,10274389.87523174,129361161.94769461,0,0,1729.9075784823513,34.83303809470049,1027.4389875231739,12936.116194769464,0,0,17.29907578482351,0.34833038094700486,10.274389875231739,129.36116194769463,0,0,0.0022146737179085853,0,0.8224742404173542,0.0653242509664515,0.1099869852885047,0
527,55774160.24629781,5577.416024629781,55.774160246297804,10531188.584519887,831222.7058598622,5560220.195241263,38350865.95114377,500660.9781027058,1.8314303159713745,1053.118858451989,83.12227058598621,556.0220195241263,3835.086595114378,50.066097810270584,1.8314303159713745e-4,10.531188584519887,0.831222705859862,5.560220195241263,38.350865951143774,0.5006609781027058,1.8314303159713743e-6,0.014903365683843484,0.008976575817399936,0.6876099215440798,0.09969168824214329,0.18881841587599574,3.28365377064183e-8
303,152477410.9149584,15247.74109149584,152.47741091495837,84980487.23715506,17208839.370071676,1667304.9614994843,30059580.835973766,18561196.59791652,1.9123418778181076,8498.048723715507,1720.8839370071676,166.73049614994844,3005.9580835973766,1856.119659791652,1.9123418778181078e-4,84.98048723715506,17.208839370071676,1.6673049614994844,30.059580835973765,18.56119659791652,1.9123418778181077e-6,0.11286156596447985,0.12173079596864814,0.19714120705223,0.010934767002499764,0.5573316514703378,1.2541804496435756e-8
312,52151493.8750422,5215.149387504221,52.1514938750422,13952814.796086255,3749777.0806634254,6647691.440483111,27774796.84603534,26413.068533565547,0.6432405039668083,1395.2814796086257,374.97770806634253,664.7691440483111,2777.479684603534,2.641306853356555,6.432405039668084e-5,13.952814796086253,3.749777080663425,6.6476914404831104,27.774796846035336,0.026413068533565544,6.432405039668083e-7,0.0719016235593959,5.064681099424053e-4,0.5325791225191987,0.12746885940432193,0.26754391407306477,1.2334076287594894e-8
332,53461887.686236545,5346.188768623655,53.461887686236544,5373512.481705086,2457027.0929205315,17315787.273947127,28305570.74505336,9995.759137687492,0,537.3512481705086,245.70270929205316,1731.5787273947128,2830.557074505336,0.9995759137687492,0,5.373512481705085,2.4570270929205313,17.315787273947127,28.30557074505336,0.009995759137687492,0,0.04595847994258308,1.8696981289459486e-4,0.5294532604455803,0.32389030809334807,0.10051108769749756,0
326,47195975.06253297,4719.597506253297,47.195975062532966,7632492.905263839,110771.074831846,11557278.199835036,27895431.36846216,0,1.5141400899738073,763.249290526384,11.0771074831846,1155.7278199835037,2789.543136846216,0,1.5141400899738075e-4,7.632492905263838,0.11077107483184598,11.557278199835036,27.89543136846216,0,1.5141400899738072e-6,0.002347044947902407,0,0.5910553035825983,0.24487847077048536,0.16171914861703907,3.20819749558649e-8
308,25625515.079969022,2562.5515079969023,25.62551507996902,1958882.4700213862,1690820.8570410656,5727381.043480999,16248431.22123081,0,0,195.88824700213863,169.08208570410656,572.7381043480999,1624.843122123081,0,0,1.958882470021386,1.6908208570410657,5.727381043480999,16.24843122123081,0,0,0.06598192667599287,0,0.6340723755415125,0.22350306035245254,0.07644265740252797,0
327,18908797.23068062,1890.8797230680618,18.90879723068062,1745837.6251918678,6088261.846090537,3003598.351265242,8071099.968997345,0,0,174.5837625191868,608.8261846090536,300.3598351265242,807.1099968997346,0,0,1.7458376251918677,6.0882618460905356,3.003598351265242,8.071099968997345,0,0,0.3219803867911799,0,0.42684364692966925,0.15884661063432048,0.09232938530638772,0
307,83461072.55362569,8346.107255362569,83.46107255362568,13601558.40993471,17941646.56032659,8699141.980018307,43218726.38167456,0,0,1360.155840993471,1794.1646560326592,869.9141980018308,4321.872638167456,0,0,13.601558409934709,17.94164656032659,8.699141980018306,43.21872638167456,0,0,0.21497023715815136,0,0.5178309487205011,0.10422993275612298,0.1629688906908714,0
309,99939471.75375588,9993.947175375588,99.93947175375588,20848338.62126717,24095463.07812652,7801372.697478317,47194298.1640954,0,0,2084.833862126717,2409.546307812652,780.1372697478317,4719.42981640954,0,0,20.84833862126717,24.095463078126517,7.801372697478317,47.1942981640954,0,0,0.24110056472477778,0,0.4722288134600008,0.07806097591450525,0.20860965397772033,0
339,16208925.321638133,1620.8925321638135,16.208925321638134,405716.36052572395,4851094.301023741,2817365.027457079,8134749.22193748,0,0.41069410979980603,40.571636052572394,485.1094301023742,281.7365027457079,813.4749221937481,0,4.106941097998061e-5,0.40571636052572396,4.851094301023741,2.8173650274570785,8.13474922193748,0,4.10694109799806e-7,0.2992853754806165,0,0.5018685113613289,0.17381565844442706,0.02503042937609887,2.5337528654755982e-8
335,40880919.94899491,4088.0919948994915,40.88091994899491,7062137.4374657385,6240383.215740275,11592298.091186466,15986100.624087283,0,0.5805151555687189,706.2137437465739,624.0383215740275,1159.2298091186467,1598.6100624087285,0,5.80515155568719e-5,7.062137437465738,6.240383215740274,11.592298091186466,15.986100624087282,0,5.805151555687189e-7,0.15264781769896787,0,0.39104062834281483,0.28356255450341133,0.17274898525465707,1.4200149025339908e-8
304,90343506.08096628,9034.350608096629,90.34350608096628,15222465.665404202,17416693.311532483,18334396.25901534,39070825.27845771,299126.51260295656,0,1522.2465665404204,1741.6693311532483,1833.4396259015339,3907.082527845771,29.912651260295654,0,15.222465665404203,17.41669331153248,18.33439625901534,39.070825278457704,0.29912651260295653,0,0.19278301304715315,0.0033109907460850364,0.4324696591190766,0.20294094234713414,0.16849540521221035,0
314,55918845.35555723,5591.884535555723,55.91884535555723,11435576.54631522,12985739.621671245,8973256.276831653,22524272.825924568,0,0.08481454849243164,1143.557654631522,1298.5739621671244,897.3256276831653,2252.427282592457,0,8.481454849243164e-6,11.435576546315218,12.985739621671243,8.973256276831652,22.524272825924566,0,8.481454849243164e-8,0.2322247453269476,0,0.40280289556597754,0.16046926970282815,0.20450308788750318,1.5167435585113121e-9
323,68904172.1351566,6890.4172135156605,68.9041721351566,25811979.73094246,14184035.505445665,6308740.692047328,22254200.58088909,345212.30073328275,3.3250987716019154,2581.1979730942467,1418.4035505445665,630.8740692047328,2225.420058088909,34.521230073328276,3.325098771601916e-4,25.81197973094246,14.184035505445664,6.308740692047327,22.25420058088909,0.34521230073328274,3.325098771601915e-6,0.2058516206772423,0.005010034806834969,0.3229731943841823,0.0915581814069638,0.37460692046791977,4.825685685737117e-8
328,80852507.69289172,8085.250769289172,80.85250769289172,8996234.7175251,10636600.252329748,17011633.865088552,44208038.509211704,0,0.3487366084009409,899.62347175251,1063.660025232975,1701.1633865088554,4420.80385092117,0,3.487366084009409e-5,8.9962347175251,10.636600252329748,17.01163386508855,44.208038509211704,0,3.487366084009409e-7,0.13155560112905296,0,0.5467738697373554,0.2104032929900597,0.11126723183028768,4.313244181931548e-9
315,72561940.45197433,7256.194045197433,72.56194045197432,10864878.772730272,2486149.6033618017,25593161.60364582,32068013.377058826,1549745.5774850254,0,1086.4878772730272,248.61496033618016,2559.316160364582,3206.801337705883,154.97455774850255,0,10.86487877273027,2.4861496033618016,25.593161603645818,32.068013377058826,1.5497455774850253,0,0.03426244650950699,0.02135755421963579,0.4419398541068962,0.35270778929327073,0.14973247276816246,0
305,38275048.81016776,3827.504881016776,38.27504881016776,8277046.8011968145,17795100.14438194,5144521.824041769,7058379.940109847,0,0.10043738875538111,827.7046801196815,1779.510014438194,514.4521824041769,705.8379940109847,0,1.004373887553811e-5,8.277046801196814,17.79510014438194,5.144521824041769,7.058379940109846,0,1.004373887553811e-7,0.46492690924158075,0,0.18441204281978055,0.13440928186811685,0.2162517634464262,2.6240956413542163e-9
316,60197089.8186116,6019.70898186116,60.197089818611595,9441448.07259295,17446412.4872251,10927100.52858553,21079606.792337194,1302515.6991583689,6.238712454214692,944.144807259295,1744.64124872251,1092.7100528585531,2107.9606792337195,130.25156991583688,6.238712454214692e-4,9.44144807259295,17.4464124872251,10.927100528585532,21.07960679233719,1.3025156991583688,6.238712454214692e-6,0.2898215269175863,0.021637519406389312,0.3501765094600944,0.18152207293594308,0.15684226764187967,1.0363810730740378e-7
338,68347472.55920333,6834.747255920333,68.34747255920333,6918320.025334707,40798847.70062582,7910864.343419589,12717653.143836379,1787.1852875970708,0.1606992306187749,691.8320025334708,4079.8847700625824,791.086434341959,1271.765314383638,0.1787185287597071,1.606992306187749e-5,6.918320025334707,40.79884770062582,7.910864343419589,12.71765314383638,0.0017871852875970707,1.606992306187749e-7,0.5969327931663517,2.6148520503797582e-5,0.18607349573636697,0.11574479709644145,0.10122276312912644,2.3512095561335567e-9
342,25833827.936275356,2583.3827936275356,25.833827936275355,6268948.558857706,4427933.153509072,5288955.896531952,9356284.02484376,491705.92040098965,0.38213187642395496,626.8948558857707,442.79331535090716,528.8955896531952,935.628402484376,49.17059204009897,3.82131876423955e-5,6.268948558857706,4.427933153509072,5.288955896531951,9.35628402484376,0.4917059204009896,3.8213187642395494e-7,0.17140058238490685,0.019033413151697345,0.3621718023330894,0.20472985689841586,0.24266433043997213,1.4791918463131546e-8
344,23162835.39156114,2316.283539156114,23.16283539156114,6004632.810643054,6601793.65669302,3956057.2085566507,6063816.939463212,536535.5522865098,0,600.4632810643054,660.179365669302,395.6057208556651,606.3816939463213,53.65355522865098,0,6.004632810643054,6.601793656693019,3.9560572085566506,6.063816939463212,0.5365355522865097,0,0.285016646066493,0.02316363878672576,0.2617907884313864,0.17079330495082443,0.25923565527002396,0
318,40696335.5039711,4069.63355039711,40.6963355039711,11790724.975582013,9829147.380391821,8792319.388339559,10227272.967234744,56871.12557378203,0,1179.0724975582013,982.9147380391821,879.231938833956,1022.7272967234744,5.687112557378203,0,11.790724975582012,9.82914738039182,8.792319388339559,10.227272967234743,0.05687112557378203,0,0.2415241386889172,0.0013974507746092426,0.2513069749544594,0.21604695556634612,0.28972448820192886,0
306,29753817.85395544,2975.3817853955443,29.75381785395544,2921002.775295431,4467860.278242217,11874785.761838187,10194522.946856316,295644.5447546539,1.546968637034297,292.1002775295431,446.7860278242217,1187.4785761838189,1019.4522946856317,29.564454475465393,1.546968637034297e-4,2.9210027752954306,4.467860278242217,11.874785761838186,10.194522946856317,0.29564454475465385,1.546968637034297e-6,0.1501609070866939,0.00993635661163904,0.34262907022202754,0.3991012454309142,0.09817236865645179,5.199227355048975e-8
313,61300937.76741123,6130.093776741123,61.30093776741123,15910454.399756694,2379952.7368105836,14272892.284007717,27513463.184075367,1224179.4309777333,0,1591.0454399756693,237.99527368105836,1427.289228400772,2751.3463184075367,122.41794309777333,0,15.910454399756693,2.3799527368105835,14.272892284007717,27.513463184075366,1.2241794309777334,0,0.03882408366802853,0.01996999516748879,0.4488261384918333,0.232833180108306,0.25954667219161204,0
319,38414292.14589204,3841.429214589204,38.414292145892034,5270480.476410292,5942637.69374874,14621465.122627791,12579708.76094487,0,0.09216034784913063,527.0480476410293,594.2637693748741,1462.146512262779,1257.9708760944868,0,9.216034784913063e-6,5.270480476410293,5.94263769374874,14.621465122627791,12.579708760944868,0,9.216034784913063e-8,0.15469861246380498,0,0.32747469908254245,0.3806256553445665,0.13720103070996997,2.3991161284221685e-9
347,47313932.930691786,4731.393293069179,47.313932930691784,9487978.309020737,5247169.114225207,11833297.713271517,20459093.113154057,286394.1328693743,0.5481508877128363,948.7978309020739,524.7169114225206,1183.3297713271518,2045.9093113154058,28.63941328693743,5.481508877128363e-5,9.487978309020738,5.247169114225207,11.833297713271516,20.459093113154058,0.28639413286937426,5.481508877128363e-7,0.11090114030282722,0.006053061225937424,0.4324115930739415,0.2501017560853718,0.2005324377265209,1.1585401038543968e-8
325,60787907.85660382,6078.790785660382,60.78790785660382,13124404.45144367,12796281.448751647,12429769.804189075,22186712.360176507,250737.97988321263,1.8121597040444613,1312.440445144367,1279.6281448751647,1242.9769804189075,2218.671236017651,25.073797988321264,1.8121597040444612e-4,13.124404451443668,12.796281448751646,12.429769804189073,22.186712360176507,0.2507379798832126,1.8121597040444611e-6,0.21050702187246761,0.004124800288812262,0.36498562201735996,0.20447767068263628,0.21590485532753653,2.9811187256506205e-8
341,42311364.09749615,4231.136409749615,42.31136409749615,14148067.427313305,4713308.95647596,6284577.233384658,17165410.380925603,0,0.09939662739634514,1414.8067427313306,471.33089564759604,628.4577233384658,1716.5410380925605,0,9.939662739634514e-6,14.148067427313306,4.71330895647596,6.284577233384658,17.165410380925604,0,9.939662739634514e-8,0.11139581663250792,0,0.4056926725730735,0.14853166205900126,0.3343798463862464,2.349170950085892e-9
343,107717387.0096593,10771.73870096593,107.7173870096593,27036445.799114823,12924601.90855985,22051058.062676903,45705280.34655733,0,0.892750408500433,2703.6445799114827,1292.460190855985,2205.1058062676902,4570.528034655733,0,8.92750408500433e-5,27.036445799114823,12.924601908559849,22.0510580626769,45.70528034655732,0,8.927504085004329e-7,0.11998621826391746,0,0.4243073622131106,0.2047121516297042,0.25099425960537264,8.287895141945633e-9
331,95677264.01500438,9567.726401500438,95.67726401500438,27475677.76217516,12883118.135449322,20172919.7978231,34083928.856988735,1061615.5016535313,3.9609145261347294,2747.567776217516,1288.3118135449324,2017.2919797823104,3408.392885698874,106.16155016535313,3.9609145261347296e-4,27.47567776217516,12.883118135449322,20.172919797823102,34.083928856988734,1.0616155016535311,3.960914526134729e-6,0.1346518242142559,0.011095797027463555,0.35623854013680406,0.21084340156988107,0.28717039565289354,4.1398701843246346e-8
317,73655249.52394764,7365.524952394764,73.65524952394763,9230402.9016149,24273412.499576535,7614975.016320165,31762801.42561917,773658.4509964141,0,923.0402901614901,2427.341249957654,761.4975016320166,3176.2801425619173,77.36584509964142,0,9.2304029016149,24.273412499576537,7.614975016320164,31.76280142561917,0.7736584509964141,0,0.32955441270597396,0.010503778834458681,0.4312360847449452,0.10338672485040319,0.12531900932076548,0
346,43566853.76603288,4356.685376603288,43.56685376603288,15776413.018937645,673607.6876006948,9463668.809647871,17653162.67147781,0,1.5783688612282276,1577.6413018937646,67.36076876006949,946.3668809647871,1765.316267147781,0,1.5783688612282278e-4,15.776413018937646,0.6736076876006948,9.46366880964787,17.65316267147781,0,1.5783688612282275e-6,0.015461471953383894,0,0.405197097001326,0.2172217636019948,0.36211963121463236,3.622866295795752e-8
302,85890764.05603613,8589.076405603613,85.89076405603612,17697220.424636617,29784949.69489325,8173942.014270187,28829331.87004958,1405320.470979132,0,1769.7220424636619,2978.494969489325,817.3942014270187,2882.933187004958,140.5320470979132,0,17.697220424636615,29.784949694893246,8.173942014270187,28.82933187004958,1.4053204709791318,0,0.3467770955613016,0.0163617181244573,0.33565112834764155,0.09516671674893255,0.20604334609354208,0
337,53857207.82507204,5385.720782507205,53.85720782507204,14373431.84375384,4211721.544458727,2643059.771538452,30643771.622410614,1985222.9126624076,0.13024800270795822,1437.3431843753842,421.1721544458728,264.30597715384516,3064.377162241062,198.52229126624076,1.3024800270795823e-5,14.37343184375384,4.211721544458728,2.6430597715384514,30.643771622410615,1.9852229126624075,1.302480027079582e-7,0.0782016319549721,0.03686085842233786,0.5689818106044681,0.049075321173780447,0.2668803754260466,2.4183950109519812e-9
324,28867028.39379457,2886.702839379457,28.86702839379457,10178282.784336431,5394706.033692623,704145.0858509307,12480837.056201298,109057.5073017442,0,1017.8282784336432,539.4706033692623,70.41450858509306,1248.0837056201299,10.905750730174422,0,10.17828278433643,5.394706033692622,0.7041450858509306,12.480837056201297,0.10905750730174421,0,0.18688123904198956,0.0037779263530009852,0.4323561429996117,0.024392711166705956,0.3525919829879135,0
441,67595409.40268962,6759.540940268962,67.59540940268961,14983182.728796558,15065524.989702592,4334749.130697539,33211984.502726577,0,0,1498.3182728796558,1506.5524989702594,433.47491306975394,3321.1984502726577,0,0,14.983182728796557,15.065524989702592,4.3347491306975385,33.21198450272657,0,0,0.2228779309546298,0,0.4913349115895002,0.06412786266111525,0.2216597674486513,0
534,31899228.09924884,3189.9228099248844,31.89922809924884,5327966.001981256,716015.9326271124,6149948.673860725,19705297.672004286,0,0,532.7966001981256,71.60159326271125,614.9948673860725,1970.5297672004285,0,0,5.327966001981255,0.7160159326271124,6.149948673860725,19.705297672004285,0,0,0.022446183663107917,0,0.6177358778304828,0.1927930247944007,0.16702491939316605,0
431,19797023.982271116,1979.7023982271116,19.797023982271114,3457688.4492292153,858320.344681598,151893.3192551587,14938226.642226273,390894.83048384904,0.3963950206525624,345.7688449229216,85.8320344681598,15.189331925515871,1493.8226642226273,39.0894830483849,3.963950206525624e-5,3.4576884492292153,0.858320344681598,0.1518933192551587,14.938226642226272,0.390894830483849,3.9639502065256235e-7,0.04335602893900881,0.01974513092644168,0.7545693057503968,0.007672532972187343,0.17465698138900518,2.0022960067510505e-8
415,35335082.2123312,3533.50822123312,35.335082212331194,8733633.402524084,1474887.8147115011,7117435.905928293,17949240.798144024,59885.492119688424,0,873.3633402524084,147.4887814711501,711.7435905928294,1794.9240798144024,5.988549211968843,0,8.733633402524083,1.474887814711501,7.117435905928293,17.94924079814402,0.059885492119688424,0,0.0417400419743978,0.0016947885322533551,0.5079722381933532,0.20142689532060742,0.24716606997099982,0
434,56542532.361973695,5654.25323619737,56.54253236197369,11936881.461577775,2817974.2123036543,0,41787668.56713143,0,8.120960837230086,1193.6881461577775,281.79742123036544,0,4178.766856713143,0,8.120960837230087e-4,11.936881461577773,2.817974212303654,0,41.787668567131426,0,8.120960837230085e-6,0.04983813236845427,0,0.7390484087202771,0,0.21111331528556782,1.4362570083068372e-7
521,26751002.630603,2675.1002630603,26.751002630603,6269501.712155146,1220823.3127149846,73650.73173428871,19187026.627154313,0,0.2468442665413022,626.9501712155146,122.08233127149846,7.365073173428871,1918.7026627154316,0,2.468442665413022e-5,6.2695017121551455,1.2208233127149843,0.07365073173428871,19.187026627154314,0,2.468442665413022e-7,0.04563654415398881,0,0.7172451400084893,0.002753195188655571,0.2343651114213891,9.227477188421854e-9
409,80536694.12327836,8053.669412327837,80.53669412327837,11294838.03548595,5513738.32948095,17100629.463366646,46627487.347157694,0,0.9477871283888817,1129.483803548595,551.373832948095,1710.0629463366645,4662.748734715769,0,9.477871283888817e-5,11.294838035485949,5.51373832948095,17.100629463366644,46.62748734715769,0,9.477871283888817e-7,0.06846243677498126,0,0.5789595395582604,0.2123333922446647,0.14024461965370497,1.1768388791053355e-8
223,54935473.39060971,5493.547339060971,54.93547339060971,15644144.192048673,2695824.6454872927,2228749.6398710543,34366754.5934317,0,0.3197709955275059,1564.4144192048673,269.58246454872926,222.87496398710545,3436.6754593431697,0,3.197709955275059e-5,15.644144192048673,2.6958246454872925,2.2287496398710545,34.36675459343169,0,3.197709955275059e-7,0.049072566032499106,0,0.6255840256271663,0.04057031827183674,0.2847730842476507,5.8208471829090545e-9
201,14188093.559239497,1418.8093559239499,14.188093559239496,2579431.10636591,0,2675530.3146099607,8925327.518446693,7804.4629469622,0.1568699711933732,257.94311063659103,0,267.55303146099607,892.5327518446693,0.78044629469622,1.5686997119337323e-5,2.57943110636591,0,2.6755303146099605,8.925327518446693,0.0078044629469621995,1.568699711933732e-7,0,5.500712914230691e-4,0.6290716565393937,0.18857574510901187,0.1818025160037196,1.1056451702858777e-8
407,80285380.05053055,8028.538005053056,80.28538005053055,16492618.384345453,3308973.433970668,2999064.088740637,57484712.01456558,0,12.128908207640052,1649.2618384345453,330.8973433970668,299.90640887406374,5748.4712014565575,0,0.0012128908207640053,16.49261838434545,3.308973433970668,2.999064088740637,57.484712014565574,0,1.2128908207640051e-5,0.04121514317909492,0,0.7160047318501259,0.0373550462967612,0.2054249276015785,1.5107243934083986e-7
424,107763185.10455547,10776.318510455549,107.76318510455546,35290753.09561954,32226842.659900524,8503664.005583093,25481205.47984221,6260488.977638444,230.88597166538239,3529.075309561954,3222.6842659900526,850.3664005583094,2548.120547984221,626.0488977638444,0.02308859716653824,35.290753095619536,32.22684265990052,8.503664005583092,25.481205479842206,6.260488977638444,2.308859716653824e-4,0.2990524326896329,0.058094876943033065,0.2364555711221739,0.07891065949222409,0.3274843172218718,2.1425310642161237e-6
301,24744226.48488812,2474.4226484888122,24.74422648488812,8985030.990272004,4355512.506411105,2857245.479119324,8294212.205798557,252224.8092282451,0.49405888468027115,898.5030990272004,435.5512506411105,285.7245479119324,829.4212205798558,25.222480922824513,4.9405888468027114e-5,8.985030990272003,4.355512506411105,2.8572454791193236,8.294212205798557,0.2522248092282451,4.940588846802711e-7,0.1760213643805402,0.010193279203222808,0.3351978778105683,0.11547119813441373,0.3631162605046221,1.9966632821680826e-8
334,104539811.69923761,10453.981169923762,104.5398116992376,24939063.563534047,11619407.414132832,19218684.78650698,46813017.62960537,1949637.3531775966,0.952280793339014,2493.906356353405,1161.9407414132834,1921.8684786506983,4681.3017629605365,194.96373531775964,9.52280793339014e-5,24.93906356353405,11.619407414132832,19.21868478650698,46.81301762960536,1.9496373531775963,9.52280793339014e-7,0.11114815710173667,0.018649711736488758,0.44780086044431594,0.18384082077552794,0.23856044083266625,9.109264478864168e-9
426,103159652.09058736,10315.965209058737,103.15965209058736,29337897.541135117,3974982.5330420462,910817.7321069754,67495974.3996513,1439980.6786845503,0,2933.7897541135117,397.49825330420464,91.08177321069755,6749.597439965131,143.99806786845502,0,29.337897541135117,3.9749825330420463,0.9108177321069754,67.4959743996513,1.4399806786845502,0,0.03853233752234356,0.013958758579566197,0.6542865648711301,0.008829205155782815,0.28439314156830126,0
524,77076016.80106655,7707.601680106655,77.07601680106654,17715440.18868151,20618880.94691932,676475.2102647342,37883356.903997846,181863.29699145272,0.2542116828262806,1771.544018868151,2061.8880946919317,67.64752102647343,3788.335690399785,18.186329699145272,2.542116828262806e-5,17.71544018868151,20.618880946919315,0.6764752102647342,37.88335690399785,0.1818632969914527,2.542116828262806e-7,0.26751357689041866,0.0023595315967201895,0.4915064176418835,0.00877672768185101,0.22984374289093218,3.298194346010404e-9
105,234506387.68875208,23450.63876887521,234.50638768875208,53245906.52056075,13070771.507323408,16446201.324566506,151445218.6448753,298138.5204479179,151.17097821831703,5324.590652056076,1307.077150732341,1644.6201324566507,15144.52186448753,29.813852044791794,0.015117097821831705,53.245906520560744,13.070771507323409,16.446201324566506,151.44521864487527,0.2981385204479179,1.5117097821831704e-4,0.05573737942128703,0.0012713449871720398,0.6458042364538082,0.07013114434390025,0.22705525015903286,6.446347995388436e-7
110,222758210.16032097,22275.8210160321,222.75821016032097,31062499.10872477,23322888.49647973,33408456.083280988,134392875.93167025,282495.22622670606,288995.3139385246,3106.2499108724774,2332.288849647973,3340.845608328099,13439.287593167026,28.249522622670607,28.89953139385246,31.06249910872477,23.32288849647973,33.40845608328099,134.39287593167023,0.28249522622670603,0.28899531393852457,0.10470046639221087,0.0012681697613901271,0.6033127840044439,0.1499763176371216,0.1394449124293503,0.0012973497754831672
213,130161974.3566929,13016.19743566929,130.1619743566929,31464335.444804806,2909912.754682828,16717677.853187094,79070047.81784849,0,0.4861696846783161,3146.4335444804806,290.9912754682828,1671.7677853187095,7907.004781784849,0,4.8616968467831616e-5,31.464335444804803,2.909912754682828,16.71767785318709,79.07004781784848,0,4.861696846783161e-7,0.02235608954969114,0,0.607474250514722,0.12843749440504298,0.24173216179543083,3.735113016540667e-9
218,19701956.21653972,1970.195621653972,19.701956216539717,5111129.090942402,443725.46959929523,2292405.3156040064,11523431.373267876,331265.44587729475,0,511.11290909424025,44.37254695992952,229.24053156040065,1152.3431373267877,33.12654458772948,0,5.111129090942402,0.4437254695992952,2.292405315604006,11.523431373267876,0.3312654458772948,0,0.022521899080599386,0.01681383524744607,0.5848876754478826,0.11635419805062508,0.25942241647312303,0
222,122727989.87115604,12272.798987115604,122.72798987115603,43483915.66704036,3840418.2851324785,6228785.699720785,69174870.8928064,0,0,4348.391566704036,384.0418285132479,622.8785699720786,6917.487089280639,0,0,43.48391566704036,3.840418285132478,6.228785699720785,69.17487089280638,0,0,0.0312921142859447,0,0.5636438025704528,0.05075277209591694,0.35431131653578973,0
224,152545475.9790779,15254.547597907791,152.5454759790779,31557917.322563242,8310763.973143505,20226591.342118297,92450175.65798822,0,27.68326462805271,3155.7917322563244,831.0763973143506,2022.65913421183,9245.017565798822,0,0.0027683264628052713,31.55791732256324,8.310763973143505,20.226591342118297,92.45017565798821,0,2.768326462805271e-5,0.05448056666251677,0,0.6060499340581431,0.13259384594855136,0.2068754718553011,1.8147548755788443e-7
225,35189035.35413839,3518.903535413839,35.18903535413839,5709292.783476094,794655.0408513427,4465663.646054592,24219424.000680055,0,0,570.9292783476094,79.46550408513427,446.56636460545917,2421.942400068006,0,0,5.709292783476093,0.7946550408513426,4.465663646054591,24.219424000680057,0,0,0.02258246163482534,0,0.6882662101117172,0.1269049748341399,0.1622463567420485,0
310,32195928.201114707,3219.5928201114707,32.195928201114704,7458761.081558894,6890871.245621353,2493870.4258419047,12797742.591733657,2554684.090915456,0,745.8761081558895,689.0871245621354,249.38704258419048,1279.7742591733656,255.4684090915456,0,7.458761081558894,6.890871245621353,2.4938704258419047,12.797742591733655,2.5546840909154556,0,0.2140292773228005,0.07934804907494501,0.39749568677726665,0.07745918708302874,0.23166783808707378,0
320,76744336.062467,7674.4336062467,76.74433606246699,28466890.99331497,3243646.825162602,8427314.55252158,36244013.48790644,362470.6209369323,0,2846.6890993314973,324.36468251626025,842.7314552521582,3624.4013487906445,36.24706209369323,0,28.46689099331497,3.243646825162602,8.427314552521581,36.24401348790644,0.3624706209369323,0,0.0422656184362895,0.004723092797908824,0.47226955561131156,0.10981024769908837,0.37093149089392075,0
505,59937736.66942286,5993.773666942286,59.937736669422854,12148088.88704358,912158.2728007019,2336679.775169394,44540805.87068148,0,3.863727703690529,1214.8088887043582,91.21582728007019,233.66797751693943,4454.080587068148,0,3.863727703690529e-4,12.148088887043581,0.9121582728007019,2.3366797751693937,44.540805870681474,0,3.8637277036905285e-6,0.015218430382708094,0,0.7431179144507788,0.03898511864164947,0.20267847206250797,6.446235574426693e-8
506,80454227.20894171,8045.422720894172,80.4542272089417,14572634.714728288,1803185.2356455505,8306931.868401466,55771476.24843069,0,0,1457.2634714728288,180.31852356455505,830.6931868401466,5577.147624843069,0,0,14.572634714728286,1.8031852356455504,8.306931868401465,55.77147624843069,0,0,0.022412560510495387,0,0.6932075315768148,0.10325040904100848,0.18112950953941523,0
507,92721938.10354897,9272.193810354898,92.72193810354896,20080636.900611777,2247014.2307829936,6744567.243837941,63648957.93397458,763.16201282324,0,2008.0636900611778,224.70142307829937,674.4567243837942,6364.895793397458,0.07631620128232401,0,20.080636900611776,2.2470142307829937,6.744567243837941,63.64895793397457,7.6316201282324e-4,0,0.02423390059290605,8.23065208118239e-6,0.6864498222944111,0.07273971383456004,0.21656834737628486,0
514,14762071.434812479,1476.2071434812478,14.762071434812478,3595093.475076761,0,17479.013922479357,11149498.930350995,0,0.015462243463844061,359.5093475076761,0,1.7479013922479358,1114.9498930350994,0,1.5462243463844061e-6,3.595093475076761,0,0.01747901392247936,11.149498930350994,0,1.546224346384406e-8,0,0,0.755280109541932,0.0011840488646640526,0.24353584054597344,1.0474304728928766e-9
535,95202518.66078398,9520.251866078399,95.20251866078397,19974119.065557975,3473887.6646030787,5842093.08142669,65912419.27812446,0,0,1997.4119065557977,347.3887664603079,584.2093081426691,6591.241927812446,0,0,19.974119065557975,3.4738876646030787,5.8420930814266905,65.91241927812446,0,0,0.036489451261062594,0,0.6923390284765149,0.06136490046279813,0.20980662430505378,0
543,11079401.70162015,1107.9401701620152,11.07940170162015,1418616.8490124478,5982.663580043925,1193866.104270381,8460936.06129351,0,0.023463767720386386,141.86168490124476,0.5982663580043925,119.38661042703811,846.0936061293512,0,2.346376772038639e-6,1.4186168490124476,0.005982663580043925,1.1938661042703809,8.460936061293511,0,2.3463767720386384e-8,5.399807445531174e-4,0,0.7636636245489917,0.10775546698481028,0.12804092560386202,2.117782922967335e-9
321,22782240.180335876,2278.2240180335875,22.782240180335876,1154348.785216236,11205249.56639106,872491.3286755991,9550151.376671463,0,0,115.4348785216236,1120.524956639106,87.24913286755991,955.0151376671463,0,0,1.154348785216236,11.20524956639106,0.8724913286755991,9.550151376671463,0,0,0.49184142901200256,0,0.41919281427445065,0.038296994578640074,0.05066880061305796,0
345,57027364.44543417,5702.736444543417,57.027364445434166,20750877.033778884,2137874.65866183,11682260.33317819,22456413.621115398,0,0,2075.0877033778884,213.787465866183,1168.2260333178192,2245.64136211154,0,0,20.750877033778885,2.13787465866183,11.68226033317819,22.456413621115395,0,0,0.03748857551899361,0,0.3937831221816765,0.20485358997006073,0.3638757855210733,0
402,53577711.9557182,5357.77119557182,53.57771195571819,9437248.620084994,6859927.746745931,11401887.597343577,25531413.5636782,347233.5430442955,0.8848211970180273,943.7248620084995,685.9927746745932,1140.1887597343577,2553.14135636782,34.723354304429556,8.848211970180273e-5,9.437248620084993,6.859927746745931,11.401887597343576,25.5314135636782,0.3472335430442955,8.848211970180273e-7,0.12803696717052118,0.006480932655938777,0.47653049433652245,0.21281027466733182,0.1761413146549604,1.6514725334843136e-8
404,90867880.05149129,9086.78800514913,90.86788005149128,21558139.023505554,26773779.10140376,1618899.0924414187,37016312.17021944,3900746.543044013,4.120877109467983,2155.8139023505555,2677.3779101403766,161.88990924414188,3701.631217021944,390.0746543044013,4.1208771094679834e-4,21.558139023505554,26.77377910140376,1.6188990924414186,37.016312170219436,3.9007465430440127,4.120877109467983e-6,0.2946451384827301,0.04292767192140514,0.4073640999354638,0.0178159663406261,0.2372470779695685,4.53502063339966e-8
406,83939165.01910514,8393.916501910515,83.93916501910513,19543787.156427342,18328539.52299579,1633900.6392759911,44357779.53230573,75161.28341222962,0,1954.3787156427343,1832.853952299579,163.39006392759913,4435.777953230573,7.516128341222962,0,19.543787156427342,18.32853952299579,1.633900639275991,44.35777953230573,0.07516128341222962,0,0.21835503747057866,8.954256740000021e-4,0.5284515222686524,0.019465295358895983,0.23283275634179873,0
411,46814637.31280523,4681.4637312805235,46.814637312805225,15945259.189513225,14047096.26987827,1845650.8054503107,14721796.106687898,254833.36114263633,1.5801328923553228,1594.5259189513226,1404.709626987827,184.56508054503107,1472.1796106687898,25.483336114263636,1.580132892355323e-4,15.945259189513225,14.047096269878269,1.8456508054503105,14.721796106687897,0.25483336114263633,1.5801328923553227e-6,0.30005778269771965,0.005443454777613575,0.3144699382870374,0.039424652446158524,0.3406041380385043,3.375296665863752e-8
412,34529064.27564092,3452.906427564092,34.52906427564092,6391147.93345516,1938032.1440618539,3159436.951314413,23040455.97332839,0,0,639.114793345516,193.80321440618542,315.94369513144136,2304.045597332839,0,0,6.3911479334551595,1.9380321440618538,3.159436951314413,23.04045597332839,0,0,0.05612756049775347,0,0.6672771607536045,0.09150079846048097,0.18509473301782745,0
420,73248909.44530854,7324.890944530854,73.24890944530853,34154938.659809135,8019548.602148752,5691680.986514439,19551838.38679649,5830902.839749018,0,3415.4938659809136,801.9548602148752,569.1680986514439,1955.1838386796492,583.0902839749018,0,34.15493865980913,8.01954860214875,5.691680986514439,19.55183838679649,5.830902839749017,0,0.10948352218317416,0.07960395429644826,0.26692326936819333,0.0777032863644768,0.4662859681933012,0
430,25901556.75501563,2590.155675501563,25.90155675501563,3703609.435936536,0,0,22197942.042266555,0,5.276812538970262,370.36094359365364,0,0,2219.7942042266554,0,5.276812538970262e-4,3.703609435936536,0,0,22.197942042266554,0,5.276812538970261e-6,0,0,0.8570118874406304,0,0.14298790883367896,2.0372569065557996e-7
432,45128994.988364056,4512.899498836406,45.128994988364056,13776694.686575856,2308169.438185264,15420.826715454983,29028709.304424483,0,0.7324629947543144,1377.6694686575856,230.8169438185264,1.5420826715454983,2902.8709304424483,0,7.324629947543144e-5,13.776694686575855,2.308169438185264,0.015420826715454982,29.02870930442448,0,7.324629947543144e-7,0.05114604122649743,0,0.6432385501141599,3.417055203518503e-4,0.30527368690856077,1.62304300138563e-8
437,104501391.56093629,10450.13915609363,104.50139156093628,41723799.51142903,43796101.36403,727030.2730703542,17781148.825972993,473311.9342346311,0,4172.379951142902,4379.610136403001,72.70302730703543,1778.1148825972994,47.331193423463105,0,41.72379951142902,43.79610136403,0.7270302730703542,17.78114882597299,0.473311934234631,0,0.41909586762289053,0.004529240493019043,0.17015226840883305,0.0069571348496963534,0.39926549195375327,0
440,41525848.957222946,4152.584895722295,41.52584895722294,14164833.70515942,7832020.43435656,1510738.376788482,13504111.90503486,4514151.817838624,0,1416.4833705159422,783.202043435656,151.07383767884824,1350.4111905034863,451.41518178386247,0,14.16483370515942,7.83202043435656,1.5107383767884819,13.504111905034861,4.514151817838624,0,0.18860590767029387,0.10870703263619705,0.32519773211490177,0.036380674079529114,0.3411088288586478,0
444,20238812.5113213,2023.88125113213,20.2388125113213,2942974.3641487267,3893648.9927217504,1543520.2388211167,11858669.177869774,0,0,294.29743641487266,389.3648992721751,154.35202388211167,1185.8669177869774,0,0,2.9429743641487263,3.8936489927217504,1.5435202388211167,11.858669177869773,0,0,0.192385249408467,0,0.5859370045172466,0.07626535588279668,0.14541240314877513,0
445,21482501.52145424,2148.250152145424,21.48250152145424,3678551.848112043,544.1566753071335,2836244.0588330966,14967162.063529707,0,0,367.8551848112043,0.05441566753071335,283.6244058833097,1496.7162063529709,0,0,3.6785518481120425,5.441566753071334e-4,2.8362440588330964,14.967162063529708,0,0,2.5330228640444532e-5,0,0.6967141163044832,0.13202578182064056,0.17123479984108603,0
504,69163403.79776983,6916.340379776983,69.16340379776983,25885981.12929452,9548473.899189368,3695202.8920635143,30033746.02607393,0,0,2588.598112929452,954.8473899189368,369.52028920635144,3003.374602607393,0,0,25.885981129294517,9.548473899189366,3.695202892063514,30.033746026073928,0,0,0.1380567377381918,0,0.4342433191097857,0.05342714049858064,0.37427280480561326,0
104,43995107.93133071,4399.510793133071,43.99510793133071,27572075.176089592,2571436.401898074,3886781.4642791045,9964816.236052353,0,0,2757.2075176089597,257.14364018980746,388.67814642791046,996.4816236052354,0,0,27.57207517608959,2.571436401898074,3.886781464279104,9.964816236052354,0,0,0.05844823487901593,0,0.22649827911789258,0.08834576495063372,0.6267077516692349,0
117,149410185.4482266,14941.01854482266,149.4101854482266,17609364.280796822,742495.3783826164,28744619.793647982,101086565.45772599,1227141.2242668038,0,1760.9364280796824,74.24953783826165,2874.4619793647985,10108.6565457726,122.71412242668039,0,17.60936428079682,0.7424953783826164,28.74461979364798,101.08656545772598,1.2271412242668038,0,0.0049695097837885015,0.008213236738749855,0.6765707783205607,0.1923872840891997,0.11785919566306136,0
124,63291047.35734384,6329.104735734384,63.291047357343835,3306343.548993351,0,14606102.756341405,45086590.681468,292011.0789987738,0,330.6343548993351,0,1460.6102756341406,4508.659068146801,29.201107899877385,0,3.306343548993351,0,14.606102756341404,45.086590681468,0.29201107899877377,0,0,0.004613781746256581,0.7123691669519588,0.23077675858126906,0.052240303914163407,0
130,90023369.30853415,9002.336930853415,90.02336930853414,5450336.7229510415,0,16367833.656429531,68205190.44226296,0,8.486890610307455,545.0336722951042,0,1636.7833656429532,6820.5190442262965,0,8.486890610307456e-4,5.450336722951041,0,16.367833656429532,68.20519044226296,0,8.486890610307455e-6,0,0,0.7576387216579903,0.1818176078295025,0.06054357623820189,9.427430538864428e-8
329,32087112.99353189,3208.711299353189,32.08711299353189,7526607.533821078,7250626.676505784,9124162.712303108,8114441.922868488,71275.42020711728,0,752.6607533821078,725.0626676505784,912.4162712303108,811.4441922868489,7.1275420207117275,0,7.526607533821077,7.250626676505783,9.124162712303107,8.114441922868489,0.07127542020711727,0,0.22596693812769514,0.002221309851761514,0.2528878782115485,0.28435598784291855,0.23456792561357231,0
417,132773191.18103133,13277.319118103134,132.77319118103134,45405693.81150962,51704548.53001784,6518072.264318735,27002029.80574371,527112.8509479545,1615733.918493472,4540.569381150962,5170.454853001784,651.8072264318736,2700.2029805743714,52.71128509479544,161.57339184934722,45.405693811509614,51.70454853001784,6.518072264318735,27.00202980574371,0.5271128509479543,1.615733918493472,0.3894200935452444,0.003970024718538666,0.20336959265313914,0.04909177979635652,0.3419793815876628,0.012169127699058454
436,56990936.52282248,5699.093652282248,56.99093652282247,10643908.928819697,3592638.9197798655,6664143.821581291,35821099.270783454,269144.1435686386,1.4382895324379206,1064.3908928819699,359.26389197798653,666.4143821581291,3582.109927078346,26.914414356863862,1.4382895324379207e-4,10.643908928819698,3.5926389197798656,6.66414382158129,35.821099270783456,0.2691441435686386,1.4382895324379205e-6,0.0630387766718163,0.004722578009590308,0.6285402812504863,0.11693339727647012,0.18676494155447435,2.5237162612022457e-8
509,22477445.87521753,2247.744587521753,22.47744587521753,7454957.918405356,4766686.755518816,2718439.7681058845,6402912.646497911,1134449.4173283624,0,745.4957918405356,476.6686755518817,271.84397681058846,640.2912646497911,113.44494173283624,0,7.4549579184053565,4.766686755518816,2.7184397681058847,6.40291264649791,1.1344494173283624,0,0.21206532014272667,0.05047056607882427,0.2848594400824442,0.12094077695469375,0.3316639247978262,0
511,62891901.82707099,6289.190182707099,62.89190182707099,13955591.727845615,3159690.385810902,1490025.7340640572,44027274.56394716,259319.70634421677,0,1395.5591727845615,315.9690385810902,149.00257340640573,4402.727456394716,25.931970634421678,0,13.955591727845615,3.159690385810902,1.490025734064057,44.02727456394716,0.25931970634421675,0,0.05024001968486911,0.004123260687158867,0.7000467991094556,0.02369185365329015,0.2218980714912745,0
536,74368629.47474726,7436.862947474726,74.36862947474725,20924841.883460578,11979504.463780914,2102904.7998265084,39361378.295155115,0,0.032524142414331436,2092.484188346058,1197.9504463780916,210.29047998265082,3936.1378295155114,0,3.2524142414331437e-6,20.92484188346058,11.979504463780913,2.1029047998265082,39.36137829515511,0,3.252414241433143e-8,0.16108276498289772,0,0.529273950228177,0.028276772271843123,0.28136651207974533,4.373368535099251e-10
322,147293145.4743681,14729.31454743681,147.2931454743681,45463074.78869814,53575272.01104524,9809809.709723752,31467995.705425724,6415500.86738878,561492.3920864463,4546.307478869814,5357.5272011045245,980.9809709723753,3146.7995705425724,641.550086738878,56.14923920864463,45.46307478869813,53.575272011045236,9.809809709723751,31.46799570542572,6.41550086738878,0.5614923920864463,0.3637322825750122,0.04355600423038833,0.21364195600603678,0.0666005853709659,0.30865709766928434,0.003812074148312333
103,82961147.35812366,8296.114735812367,82.96114735812365,1277271.1099678285,328361.967447704,12730545.529804735,68624968.97762072,0,0,127.72711099678284,32.836196744770405,1273.0545529804735,6862.496897762073,0,0,1.2772711099678284,0.32836196744770396,12.730545529804735,68.62496897762072,0,0,0.003958021048458298,0,0.8271940681025415,0.15345189808971638,0.015396015492097175,0
107,74440347.53388244,7444.034753388244,74.44034753388243,18698739.808513213,552540.8023359963,1587090.4234324005,53601975.84440038,0,0.6552004478871822,1869.8739808513212,55.25408023359963,158.70904234324004,5360.197584440039,0,6.552004478871822e-5,18.69873980851321,0.5525408023359963,1.5870904234324004,53.601975844400386,0,6.552004478871822e-7,0.007422598370923786,0,0.7200661686863133,0.021320298413572247,0.2511909257275062,8.801684430462387e-9
118,153152332.26708058,15315.233226708058,153.15233226708057,14137607.17543892,176374.14617176043,14640099.988120861,124198251.07784541,0,0,1413.760717543892,17.637414617176045,1464.0099988120862,12419.825107784542,0,0,14.13760717543892,0.17637414617176042,14.640099988120863,124.19825107784541,0,0,0.00115162559760555,0,0.8109458683349171,0.09559175346145014,0.09231075339280181,0
125,48718681.94303059,4871.868194303059,48.71868194303059,13885442.319930019,265676.17825193336,557602.9667493615,34009958.81063601,0,1.6674632653594017,1388.544231993002,26.567617825193338,55.76029667493616,3400.995881063601,0,1.6674632653594017e-4,13.88544231993002,0.26567617825193335,0.5576029667493615,34.009958810636,0,1.6674632653594015e-6,0.0054532710585767285,0,0.698088648014035,0.011445362323254086,0.2850126843777716,3.422636243134117e-8
214,104676544.14673547,10467.654414673549,104.67654414673547,21834449.354976043,2011149.057698974,18138980.500256542,61075807.33838405,1616157.1581689813,0.7372508756816387,2183.4449354976045,201.1149057698974,1813.8980500256541,6107.580733838406,161.61571581689813,7.372508756816388e-5,21.834449354976044,2.0111490576989737,18.13898050025654,61.075807338384045,1.6161571581689813,7.372508756816387e-7,0.01921298676883856,0.015439534915324047,0.5834717589908972,0.17328600832321459,0.20858970395859205,7.043133508956517e-9
227,40443863.41764918,4044.386341764918,40.443863417649176,8503700.460439418,1564954.134018658,3947164.6493701083,26428044.193105277,0,0,850.3700460439418,156.4954134018658,394.71646493701087,2642.804419310528,0,0,8.503700460439417,1.564954134018658,3.9471646493701082,26.428044193105276,0,0,0.03869447678274307,0,0.6534500406203138,0.0975961324122071,0.2102593506615521,0
237,24322115.939295202,2432.2115939295204,24.322115939295202,7542585.866592857,0,2150345.4992677947,14456007.939784924,173177.29634534864,0,754.2585866592857,0,215.03454992677948,1445.6007939784924,17.317729634534864,0,7.542585866592857,0,2.150345499267795,14.456007939784923,0.17317729634534865,0,0,0.007120157505110837,0.5943565097652365,0.0884111195191559,0.3101122404571279,0
254,14430869.576208433,1443.0869576208434,14.430869576208433,3021771.1350337146,973841.4507451599,2252332.3446246353,8182957.155077843,0,0,302.17711350337146,97.384145074516,225.23323446246354,818.2957155077844,0,0,3.0217711350337146,0.9738414507451599,2.252332344624635,8.182957155077842,0,0,0.06748321337133358,0,0.5670453268158379,0.15607738208222469,0.209396330489715,0
413,44701221.15576691,4470.122115576692,44.70122115576691,8189284.26606276,14097978.236236135,1391960.8647507003,21022001.900770318,0,0,818.928426606276,1409.7978236236136,139.19608647507005,2102.200190077032,0,0,8.18928426606276,14.097978236236134,1.3919608647507002,21.022001900770316,0,0,0.3153823960895832,0,0.47027802277518466,0.03113921339867296,0.18320045972628332,0
416,96912063.64788185,9691.206364788186,96.91206364788185,16253779.125870202,48377612.52203637,9609455.091706162,21750752.765514165,920482.8737845237,0,1625.3779125870203,4837.761252203637,960.9455091706162,2175.0752765514167,92.04828737845237,0,16.253779125870203,48.377612522036365,9.609455091706161,21.750752765514164,0.9204828737845236,0,0.4991908200181406,0.009498124785877905,0.224438031208817,0.09915643863101445,0.1677167786347665,0
429,59127131.42361806,5912.713142361807,59.12713142361806,8069716.426569242,5672958.723331828,8170375.624472986,32585710.67776003,4088066.8707183683,540303.100765612,806.9716426569242,567.2958723331828,817.0375624472986,3258.5710677760035,408.80668707183685,54.0303100765612,8.069716426569242,5.672958723331828,8.170375624472985,32.58571067776003,4.088066870718368,0.5403031007656119,0.09594510314880235,0.06914028758522536,0.5511126600121821,0.13818318981071634,0.13648077003353204,0.009137989409541867
447,18214312.267150044,1821.4312267150046,18.214312267150042,1446157.181577375,0,0,16768154.984576177,0,0.10099649266339839,144.6157181577375,0,0,1676.8154984576177,0,1.0099649266339839e-5,1.4461571815773748,0,0,16.768154984576174,0,1.0099649266339839e-7,0,0,0.9206032453291114,0,0.07939674912599114,5.5448973961837706e-9
533,93556353.77365473,9355.635377365474,93.55635377365472,23512355.114207316,7060594.016068205,2429285.6148408707,60267096.976055935,287022.19141471165,0,2351.2355114207317,706.0594016068205,242.9285614840871,6026.709697605595,28.702219141471165,0,23.512355114207317,7.060594016068205,2.429285614840871,60.26709697605594,0.28702219141471164,0,0.07546888833601009,0.0030679069869387803,0.6441796259168345,0.025966014245469154,0.25131756599975946,0
541,46745086.38105799,4674.508638105799,46.74508638105799,13747744.076863905,7076724.751396253,2447479.186172328,23457482.804221377,15654.750840114428,0.811564015224576,1374.7744076863908,707.6724751396252,244.7479186172328,2345.748280422138,1.5654750840114429,8.115640152245761e-5,13.747744076863905,7.076724751396252,2.447479186172328,23.457482804221378,0.015654750840114428,8.11564015224576e-7,0.1513897031595577,3.348961795149882e-4,0.5018170811152207,0.05235799900380746,0.2941003031804163,1.7361482843540906e-8
410,33393598.365112085,3339.359836511209,33.393598365112084,4055395.040219469,279711.4881881463,0,29058494.6579757,0,0,405.5395040219469,27.971148818814633,0,2905.8494657975702,0,0,4.0553950402194685,0.2797114881881463,0,29.058494657975697,0,0,0.008376200885268312,0,0.8701815940966254,0,0.1214422895034977,0
438,65168191.989152215,6516.819198915222,65.1681919891522,21415804.267684147,11779046.37873946,14380708.397229504,16870661.311029606,721976.9753828713,0,2141.580426768415,1177.904637873946,1438.0708397229505,1687.0661311029605,72.19769753828713,0,21.415804267684145,11.779046378739459,14.380708397229503,16.870661311029604,0.7219769753828713,0,0.18074839916841914,0.01107867125580299,0.25887876886070227,0.2206706670582988,0.32862357561260847,0
442,80235432.9984867,8023.54329984867,80.2354329984867,20988161.72008199,8111014.747493728,7861747.746019117,43098929.63589348,175578.983419923,0.1655784584581852,2098.816172008199,811.1014747493729,786.1747746019117,4309.892963589347,17.557898341992303,1.655784584581852e-5,20.988161720081987,8.111014747493728,7.861747746019116,43.09892963589348,0.17557898341992298,1.6557845845818518e-7,0.1010901847771758,0.0021882973252382717,0.5371558178879194,0.0979834899896084,0.2615822079564005,2.0636575671163653e-9
544,24309460.275041807,2430.946027504181,24.309460275041808,7539499.985463802,4329885.536474277,2043505.28723168,10396396.141207328,173.87859478374048,0,753.9499985463801,432.9885536474277,204.350528723168,1039.6396141207329,0.01738785947837405,0,7.539499985463801,4.3298855364742765,2.04350528723168,10.396396141207328,1.7387859478374047e-4,0,0.1781152476231532,7.152713092616839e-6,0.42766873569304076,0.08406214140960254,0.3101467453477157,0
